DZN_21,TotJob_21
211061636,1118
211061637,1399
211061638,216
211061658,328
211071639,209
211071640,366
211071642,319
211071643,181
211071645,262
211071646,119
211071651,330
211091660,361
211091662,217
211091663,390
211091668,318
214950001,1354
214950002,140
214950003,383
214950004,1619
214950005,814
214960001,312
214960002,412
214960003,728
214960004,1531
214960005,446
214960006,2445
214960007,390
214960008,1457
214970001,456
214970002,777
214970003,346
214970004,2071
214970005,377
214970006,524
214970007,1351
214980001,1114
214980002,414
214980003,711
211101759,263
211101760,1173
211101762,2207
211101763,123
211101764,132
211101765,241
211101766,214
211120001,92
211120002,105
211120003,514
211120004,677
211121778,452
211121780,588
211121781,313
211121782,657
211121783,806
211121784,428
211121785,636
214990001,335
214990002,449
214990003,486
214990004,149
214990005,558
214990006,125
214990007,20
214990008,321
214990009,896
214990010,207
215000001,417
215000002,728
215000003,1325
215000004,559
215000005,158
211130001,556
211131490,597
211131491,665
211131493,509
211131494,313
211151484,353
211151486,454
211151487,401
211151488,566
211151489,576
211151495,436
211160001,3911
211160002,422
211160003,285
211161497,548
211161498,437
211161499,908
211161501,625
211161502,470
211161503,276
215010001,1044
215010002,987
215010003,747
215010004,909
215020001,588
215020002,1007
215020003,149
215020004,528
215020005,1410
215020006,179
211170001,541
211170002,1911
211170003,1553
211170004,623
211170005,538
211170006,945
211170007,2781
211170008,1844
211171112,1630
211171114,959
211171116,496
211171118,1044
211171119,1707
211171130,302
211180001,3878
211180002,2213
211180003,111
211180004,10273
211180005,1533
211180006,8988
211180007,178
211180008,5595
211180009,2543
211180010,13944
211180011,7385
211181077,438
211181080,26432
211190001,1703
211190002,2520
211191099,2023
211191100,5451
211191101,4563
211191103,3778
211201133,1242
211210001,465
211210002,1208
211211120,465
211211121,933
211211122,668
211211132,434
211211480,460
211240001,3677
211240002,16
211241135,508
211241136,5812
211241137,268
211241138,13129
211241139,1255
211241140,7035
211251087,6607
211251090,7500
211251091,3224
211251092,1640
211251093,160
211271104,1632
211271105,2068
211271106,390
215030001,7462
215030002,7013
215030003,3215
215030004,5162
215030005,6662
215030006,1761
215030007,2689
215030008,1707
215030009,2389
215030010,1059
215030011,2334
215030012,2844
215030013,8244
215030014,9577
215030015,2537
215030016,1320
215030017,1065
215030018,2454
215030019,771
215030020,1109
215030021,1802
215030022,710
215030023,2092
215030024,1546
215030025,1657
215030026,4778
215030027,16797
215030028,361
215030029,468
215040001,793
215040002,1475
215040003,6171
215040004,3494
215040005,443
215040006,931
215040007,6367
215040008,1831
215040009,4710
215050001,2177
215050002,9879
215050003,2693
215050004,4959
215050005,4505
215050006,10259
215050007,5855
215050008,821
215050009,2052
215050010,1904
215050011,5218
215050012,6727
215050013,3486
215050014,5013
215050015,3838
215050016,6303
215050017,1659
215050018,1747
215050019,785
215050020,4706
215050021,2400
215050022,7745
215050023,2164
215050024,539
215050025,570
215050026,437
215050027,4893
215050028,1210
215050029,1475
215050030,739
215050031,460
215050032,1105
215060001,1253
215060002,1739
215060003,154
215060004,1650
215060005,401
215060006,1232
215060007,2069
215060008,1155
215060009,870
215060010,495
215070001,350
215080001,3789
215080002,6466
215080003,7264
215080004,10164
215080005,409
215090001,494
215090002,2349
215090003,476
215090004,607
215090005,1854
215090006,4118
215090007,544
215090008,1517
215100001,1280
215100002,204
215100003,382
215100004,2631
215100005,782
211281168,3334
211281169,6027
211281170,1878
211281180,609
211281181,764
211281182,1427
211281183,391
211281184,823
211291142,400
211291143,674
211291144,353
211291145,1192
211301171,187
211301175,692
211301177,234
211301178,1602
211301179,1426
211341146,140
211341147,496
211341148,337
211341149,394
211341150,324
211341152,216
211341153,211
211341154,234
211341155,178
211341165,189
211341166,599
215110001,2329
215110002,3591
215110003,867
215110004,2006
215110005,957
215110006,3398
215110007,3908
215110008,2067
215110009,2753
215110010,1109
215110011,4324
215110012,956
215120001,3959
215120002,1691
215120003,398
215120004,4056
215120005,876
215120006,475
215120007,2704
215120008,943
215120009,1709
215120010,3320
215130001,1383
215130002,556
215130003,1552
215130004,508
215130005,1320
215140001,1347
215140002,466
215140003,872
215140004,1446
215140005,990
215140006,3530
215140007,262
211351208,410
211351209,730
211351210,372
211352794,3122
211352795,1639
211361211,247
211361212,194
211361213,426
211361214,864
211361215,1436
211361216,652
211361217,795
211361218,4455
211361219,708
211361220,790
211381221,510
211381222,1153
211381223,843
211381224,769
211381225,590
211382796,242
211382797,415
215150001,699
215150002,84
215150003,5525
215150004,119
215160001,484
215160002,856
215160003,964
215160004,1800
215160005,501
215160006,119
215160007,1356
211391248,2665
211391249,1411
211391250,859
211391251,885
211391252,1799
211391253,2340
211401131,194
211401226,775
211401227,895
211401258,356
211411240,929
211411241,1725
211411242,1483
211411243,4046
211411244,679
211411245,3299
211411246,516
211411247,278
211421228,5793
211421229,1130
211421230,899
211421231,1187
211421232,916
211421233,1208
211421234,476
211421235,367
211421236,851
211421237,492
211421238,620
211421239,1080
211431259,504
211431260,187
211431261,1175
211431262,662
211431263,932
211431264,530
211451254,298
211451255,619
211451256,401
211451257,596
211451265,1409
211451266,666
215170001,683
215170002,2262
215170003,4726
215170004,2890
215170005,2325
215170006,2081
215170007,194
215170008,502
215170009,648
215170010,295
215170011,2664
215170012,400
215170013,1201
215170014,112
215170015,1603
215170016,595
215170017,922
215170018,199
215170019,1273
215170020,1380
215180001,547
215180002,3453
215180003,1937
215180004,1856
215180005,1611
215180006,890
215180007,3411
215180008,1245
211460001,431
211462022,283
211462024,440
211462025,802
211462033,350
211471999,517
211472003,1105
211472004,1113
211472005,481
211472006,939
211472007,326
211472008,329
211482009,324
211482010,192
211482011,205
211482012,813
211482013,335
211482014,149
211482015,341
211482016,638
211482017,355
211482018,219
211492035,1249
211492036,492
211492037,980
211492038,158
211492039,366
211492040,1260
211492041,124
211492042,815
211492043,197
211492044,238
211492045,122
211492046,558
211492047,362
211492048,855
211492049,652
211492050,757
211500001,417
211500002,4182
211502023,293
211502026,434
211502028,734
211502029,198
211502030,204
211502031,482
211502032,217
211502034,653
211522052,403
211522053,648
211522054,180
211522055,147
211522056,377
211522057,196
211522058,1007
211522059,424
211522060,552
211522061,315
211522062,1031
211522063,1963
211522078,3711
211542095,152
211542097,109
211542098,920
211542099,1437
211551996,436
211551997,298
211551998,2280
211552000,378
211552001,128
211552002,395
211552019,975
211552020,383
211552021,824
215190001,1387
215190002,409
215190003,655
215190004,1223
215190005,2674
215190006,668
215200001,1538
215200002,97
215200003,334
215200004,695
215200005,2675
215200006,693
215200007,954
215200008,1625
215210001,143
215210002,1677
215210003,460
215210004,1119
215210005,1061
215210006,541
215210007,987
215210008,1322
215220001,717
215220002,348
215220003,349
215220004,220
215220005,908
215220006,1162
215220007,453
215220008,423
215220009,170
211562120,168
211562129,1204
211562130,786
211562131,224
211562132,353
211562133,166
211572119,365
211572121,774
211572122,536
211572123,299
211572124,3951
211572125,817
211572126,726
211572127,1285
211572128,583
211572152,81
211592148,27
211592149,590
211592151,295
211592153,178
211592154,361
211592155,295
211592156,739
211592157,255
211602144,373
211602145,879
211602146,1518
211602147,469
211602150,166
214240001,342
214240002,1119
214240003,209
214240004,1049
214250001,754
214250002,449
214250003,973
214250004,1039
214250005,1103
211612326,177
211612341,688
211612342,1156
211612343,971
211612344,477
211612345,408
211612346,2124
211612347,654
211612348,403
211612349,721
211612351,75
211622318,163
211622331,128
211622335,170
211622339,499
211622340,696
211630001,260
211630002,128
211630003,66
211630004,1375
211630005,441
211630006,1414
211630007,1719
211630008,177
211632260,127
211632266,486
211632267,164
211632268,158
211632275,2123
211632276,7481
211632277,642
211632280,942
211632281,442
211632282,626
211632283,187
211632284,196
211632285,127
211642286,191
211642287,187
211642288,385
211642289,268
211642290,335
211642291,487
211642292,766
211652258,607
211652259,2035
211652261,563
211652262,387
211652263,2851
211652264,404
211652265,623
211662320,175
211662330,408
211662332,669
211662333,801
211662334,225
211662336,173
211662337,314
211662338,2980
211672255,753
211672256,336
211672257,299
211672270,143
211672271,382
211672272,623
211672273,367
211682603,409
211682605,1535
211682606,554
211682610,57
211692581,521
211692582,247
211692583,639
211692584,207
211692585,283
211692586,157
211692587,700
211692588,378
211692589,586
211692590,782
211692591,658
211692592,461
211692593,721
211692594,240
211692595,537
211692596,138
211692597,337
211692598,345
211692599,646
211692600,366
211692601,543
211692602,405
211702575,737
211702576,335
211702577,535
211702578,935
211702579,553
211702580,450
211712607,188
211712611,1196
211712612,407
211712613,523
211712618,2112
211712620,1262
211722621,840
211722622,250
211722623,210
211722624,456
211722625,307
211722626,352
211722627,439
211722628,340
211722629,743
211722630,186
211732604,272
211732608,1620
211732609,776
211732614,876
211732615,749
211732616,524
211732617,551
211732619,123
211742677,281
211742679,630
211742687,447
211742688,260
211742689,489
211742690,1119
211742691,274
211742692,307
211742693,108
211742694,391
211742695,598
211742696,433
211742697,353
211742698,225
211742699,147
211742700,233
211762658,209
211762659,225
211762660,1156
211762661,260
211762662,172
211762663,333
211762664,969
211762665,389
211772631,831
211772632,742
211772642,1703
211772643,454
211772644,178
211772669,588
211772670,434
211772671,356
211772672,633
211772673,595
211772674,665
211772675,369
211782635,627
211782636,476
211782637,428
211782638,442
211782639,478
211782654,2200
211782655,679
211782656,505
211792646,203
211792647,639
211792648,150
211792649,676
211792650,623
211792651,515
211792652,860
211792653,1103
211802184,212
211802185,242
211802186,615
211802187,315
211812666,560
211812667,335
211812668,505
211822633,462
211822634,159
211822640,419
211822641,245
211822645,121
211822657,229
211822676,240
211822678,713
214260001,599
214260002,1498
214260003,2003
214260004,199
214260005,892
214270001,531
214270002,593
214270003,978
211832729,589
211832788,467
211832789,272
211842728,3047
211842730,1959
211842731,2527
211842732,1689
211842733,355
211842746,1865
211852771,69
211852772,327
211852773,454
211852775,106
211852776,614
211852777,201
211852778,58
211862779,315
211862780,134
211862781,283
211862784,802
211862785,348
211862786,193
211862787,290
211872774,243
211872790,1394
211882704,199
211882705,504
211882706,189
211882707,3922
211882708,243
211882709,123
211882710,1475
211882711,279
211882712,596
211882713,361
211882714,708
211882715,1216
211882716,1181
211882717,178
211882718,323
211882734,960
211882754,873
211892782,225
211892783,385
211892791,803
211892792,434
211892793,240
211902721,425
211902736,474
211902737,837
211902738,200
211902739,1197
211902740,309
211902741,523
211902742,566
211902743,180
211902744,636
211912750,441
211912751,1730
211912752,1008
211912753,1221
211912755,2266
211912756,1819
211912757,1809
211912758,1684
211912759,3043
211912761,1173
211912762,121
211912763,568
211922735,3257
211932719,786
211932720,396
211932722,1014
211932723,958
211932724,424
211932725,812
211932726,223
211932727,2212
211940001,323
211942798,625
211942799,444
211942800,415
211942801,262
211942804,608
211942817,478
211942818,272
211942819,739
211942820,3106
211942821,1188
211942822,900
211942823,1676
211952805,489
211952806,99
211952807,421
211952808,950
211952809,236
211952810,192
211952811,531
211952812,672
211952813,685
211952814,849
211952815,7985
211952816,80
211961737,124
211961756,1382
211961758,826
211971740,428
211971745,275
211971747,319
211971748,820
211971749,142
211971750,3278
211971751,191
211971753,971
211971754,149
211971755,487
211980001,43
211980002,2474
211981714,1098
211981715,7736
211981717,1547
211981718,268
211981727,693
211981728,181
211981729,350
211981730,597
211990001,103
211990002,193
211990003,2141
211990004,2085
211991712,179
211991713,245
211991720,414
211991722,321
211991723,1037
211991724,295
211991725,599
212001700,230
212001701,547
212001702,158
212001703,800
212001704,328
212001705,397
212001706,1095
212001708,330
212001710,151
212010001,535
212011698,418
212011699,337
212011711,185
212021734,213
212021735,385
212021736,336
212021739,732
212021741,808
212021742,567
212021752,227
212030001,174
212030002,96
212031719,645
212031731,1509
212031733,772
212041738,78
212041743,332
212041744,165
212041746,315
212041757,581
212051788,961
212051789,4100
212051790,623
212051813,416
214280001,143
214280002,413
214280003,1832
214280004,992
214280005,1159
214280006,283
214280007,311
214280008,255
214280009,86
214280010,141
214280011,1060
214280012,2366
214280013,557
214280014,1629
214280015,1950
214280016,1856
214280017,1504
214280018,326
214280019,204
214280020,228
214280021,125
214280022,171
214290001,1066
214290002,767
214290003,258
214290004,129
214290005,298
215230001,401
215230002,440
215230003,616
215240001,199
215240002,208
215240003,360
215240004,308
215250001,507
215250002,200
215250003,266
215250004,120
215250005,815
215260001,2379
215260002,161
215260003,334
215260004,306
215260005,257
215260006,903
212091907,211
212091908,210
212091909,1389
212091910,352
212091911,1348
212091912,1086
212091913,208
212091914,383
212091915,349
212091917,117
212091919,401
212091924,327
212101933,382
212101934,155
212101935,77
212113599,257
212113600,131
212113601,429
212121936,207
212121937,214
212121938,445
212121939,138
212121940,121
212131922,890
212131923,198
212131929,338
212131931,663
212141906,149
212141916,746
212141918,135
212141920,201
212141921,181
212151925,321
212151926,481
212151927,328
212151928,315
212151930,1240
212151932,102
212161960,987
212161969,3560
212171958,273
212171959,1610
212201961,440
212201964,1707
212201965,841
212201966,1395
212201967,1033
212211962,325
212211968,231
212211969,203
212231979,980
212231980,2748
212231981,638
212231982,781
212231983,2974
212231984,267
212231985,1666
212231986,1502
212231987,257
212231988,3482
212231990,491
212243588,813
212243589,205
212243590,1795
212243593,649
212251953,566
212251954,134
212251955,68
212251956,1451
212251957,135
214310001,645
214310002,404
214310003,370
214320001,289
214320002,668
214320003,534
214320004,28
214320005,436
214320006,374
214320007,3893
214320008,211
214320009,809
214320010,4138
214320011,522
214320012,2391
214330001,1503
214330002,81
214330003,1786
214350001,365
214350002,385
214350003,88
214350004,0
214360001,434
214360002,1516
214360003,749
214360004,165
214360005,416
214370001,605
214370002,900
214370003,426
215270001,669
215270002,1843
215280001,1005
215290001,210
215290002,969
215290003,102
215300001,1037
215300002,354
215300003,91
215300004,1112
215310001,13
215310002,687
215310003,384
215320001,406
215320002,947
212261528,725
212261529,3852
212261530,136
212271518,5570
212281309,3556
212281310,92
212281314,342
212281315,295
212281316,462
212281317,849
212281318,1147
212281326,5905
212281864,4940
212301523,478
212301531,630
212301532,1278
212311515,125
212311516,356
212311517,525
212311519,408
215330001,335
215330002,754
215330003,394
215340001,722
215340002,1011
215340003,321
215340004,285
212320001,354
212320002,235
212320003,373
212320004,520
212323536,2801
212333535,161
212333539,70
212333540,321
212333541,240
212343528,124
212343529,669
212353530,501
212353531,794
212353532,372
212353533,560
212361675,767
212361676,2357
212361677,60
212361678,277
212361679,133
212361680,1136
212361681,288
212371694,711
212371695,461
212371696,722
212371697,432
214390001,170
214400001,1325
215350001,484
215350002,400
215350003,585
215350004,650
215360001,1351
215360002,98
215370001,122
215370002,715
215380001,244
215380002,249
215380003,247
215380004,871
215380005,672
212400001,64
212400002,60
212400003,139
212400004,79
212400005,179
212400006,41
212400007,17
212401901,326
212401904,736
212401905,326
215390001,377
215390002,82
215400001,2369
215400002,169
215400003,1631
215400004,451
215400005,1330
215400006,368
215410001,209
215410002,83
215410003,149
215410004,447
215410005,132
212420001,92
212420002,318
212420003,705
212420004,103
212420005,191
212420006,1866
212421837,917
212421840,3820
212421841,762
212421842,1486
212421845,1874
212431838,596
212431839,336
212431843,208
212431851,1025
212431852,1018
212431853,3416
212431854,1411
212431855,6010
212431856,4016
212431857,1433
212431858,1830
212431859,404
212431860,1309
212431861,714
212451836,1406
212451847,1524
212451848,384
212451850,135
212451874,554
212460001,171
212460002,270
212460003,432
212460004,44
212461875,317
212461876,875
212461877,383
212461891,253
212471862,297
212471863,515
212481865,15494
212501832,1537
212501833,1375
212501834,199
212501835,874
214410001,412
214410002,225
214410003,450
214410004,107
214410005,175
214420001,1433
214420002,169
214430001,719
214430002,684
214430003,76
214430004,68
214430005,298
214430006,179
214430007,292
214430008,423
214430009,361
214430010,245
214430011,1231
214450001,2529
215420001,542
215430001,227
215430002,2535
215440001,459
215440002,263
215440003,85
215440004,2201
215440005,3570
215440006,959
215450001,280
215450002,349
215450003,277
212512370,753
212512371,639
212512372,406
212512373,764
212512374,177
212512375,1502
212512376,1429
212512377,2299
212512378,1967
212512379,1607
212512410,827
212540001,172
212540002,263
212540003,7360
212540004,171
212542391,541
212542393,539
212542394,901
212542396,1266
212542413,2356
212542414,2311
212552415,101
212552416,238
212552417,331
212562418,1112
212562420,1256
212562423,229
212562424,1669
212562425,79
212562428,279
212562429,556
212562430,287
212572427,2424
212572431,446
212580001,1364
212582426,1061
212592406,2567
212592407,242
212592408,673
212592409,387
212592411,798
212602395,218
212602397,857
212602398,416
212602399,190
212602400,236
212602401,1273
212602403,3665
212602404,516
212602405,241
214460001,369
214460002,310
214460003,288
214460004,347
214460005,656
214460006,268
214460007,641
214460008,378
214460009,164
214460010,1534
214460011,343
214460012,118
214460013,278
214460014,851
214470001,325
214470002,1013
214470003,290
214470004,186
214470005,311
214470006,301
214470007,307
214480001,415
214480002,1135
214480003,135
214480004,1001
214480005,106
214480006,1353
214480007,119
214480008,440
214480009,689
214490001,418
214490002,93
212612100,110
212612101,385
212612102,375
212612103,201
212612113,253
212612114,125
212612115,85
212612116,127
212612117,586
212612118,285
212612141,214
212622104,344
212622105,177
212622106,105
212622107,297
212622108,288
212622109,243
212622110,160
212622111,487
212622112,261
212632432,1560
212632433,659
212632434,2567
212632435,517
212632437,303
212632440,3447
212652461,236
212652462,620
212652463,372
212652464,132
212652465,484
212652466,213
212660001,15
212660002,1286
212660003,521
212660004,230
212660005,28
212660006,3892
212660007,1054
212660008,528
212660009,186
212660010,10
212660011,489
212662476,331
212662481,863
212662482,729
212662484,624
212662485,242
212662486,233
212662487,182
212662489,611
212662490,395
212662492,601
212662493,1231
212662494,612
212662495,682
212672439,153
212672467,272
212672468,284
212672469,290
212672470,1070
212672471,226
212672472,1854
212672474,416
212672475,140
212672477,537
212672478,984
212682495,234
212682496,891
212682497,310
214500001,201
214500002,315
214500003,464
214500004,380
214500005,981
214500006,681
214500007,247
214500008,440
214500009,192
214500010,76
214500011,110
214510001,135
214510002,345
214510003,412
214510004,142
214510005,202
214510006,417
214510007,278
214510008,676
214510009,481
214510010,72
214520001,472
214520002,135
214520003,1904
212692297,95
212692299,1158
212692319,186
212692321,1802
212692322,1381
212692323,189
212692324,165
212702301,1187
212702304,346
212702305,390
212702306,385
212702307,1692
212702308,575
212702309,535
212702310,1294
212702311,300
212702312,225
212710001,266
212712314,2165
212712315,1056
212712316,738
212712317,143
212712325,492
212712328,1407
212712329,463
212722298,140
212722300,1321
212722302,536
212722303,453
212722313,219
212732293,358
212732294,1569
212732295,256
212732296,374
212742508,328
212742509,384
212742510,1548
212752520,198
212752536,1241
212752550,447
212752551,1330
212752552,701
212762553,567
212762554,57
212762555,2820
212762556,187
212762557,150
212762558,263
212762559,604
212772521,2282
212772522,380
212772524,1053
212772527,378
212782531,187
212782538,1919
212782539,901
212782540,203
212782543,2303
212782544,255
212782545,1216
212782546,715
212782547,296
212782548,376
212782549,201
212782566,480
212782568,160
212782569,258
212782570,374
212792560,170
212792561,324
212792562,325
212792563,777
212792572,78
212792573,497
212802525,303
212802526,371
212802528,392
212802542,228
212812523,1509
212812534,1127
212812535,85
212812537,719
212812541,303
212822513,60
212822514,336
212822515,124
212822516,579
212822517,175
212822518,615
212822519,109
212832529,393
212832530,1085
212832532,749
212842511,842
212842512,870
212852533,87
212852564,889
212852565,176
212852567,114
212852571,339
212852574,217
212860001,264
212860002,259
212862498,560
212862500,462
212862503,845
212862504,108
212862505,88
212862506,182
212862507,491
212863731,159
212892931,153
212892932,350
212892933,189
212892935,189
212892936,180
212892937,215
212892938,520
212892939,628
212892940,266
212892941,300
212892942,332
212892943,128
215460001,798
215460002,829
215460003,70
215460004,772
215460005,534
215460006,1100
215460007,846
215460008,139
215470001,464
215470002,169
215470003,440
215470004,189
215470005,88
215470006,139
215470007,369
215470008,496
215470009,164
215480001,371
215480002,284
215480003,463
215480004,1032
215480005,648
215480006,216
215490001,65
215490002,472
215490003,114
215490004,130
215490005,388
215490006,199
215490007,499
215500001,136
215500002,535
215500003,85
215500004,92
215500005,382
215500006,274
215500007,1021
215510001,1164
215510002,199
215510003,700
215510004,659
215510005,1761
215510006,689
215510007,153
215520001,1969
215520002,141
215520003,668
215520004,633
215520005,429
215520006,150
215520007,1062
215520008,130
215520009,243
215520010,612
212932981,1093
212932983,561
212932984,834
212932985,3654
212932987,422
212932988,2676
212932989,442
212932999,356
212933002,37
212950001,423
212950002,165
212950003,495
212953043,340
212953044,280
212953045,280
212970001,3291
212970002,116
212970003,4361
212970004,1308
212973033,85
212973035,467
212973036,681
212973037,331
212973038,474
212990001,71
212993003,52
212993004,410
212993005,221
212993006,423
212993030,152
212993031,104
212993039,94
214530001,257
214530002,529
214530003,453
214540001,399
214540002,1354
214540003,157
214550001,534
214550002,438
214560001,460
214560002,735
214560003,2288
214560004,1424
214560005,53
214560006,170
214560007,5912
215530001,708
215530002,1444
215540001,1128
215540002,231
213003012,500
213003013,245
213003014,804
213003015,814
213003016,259
213003017,1502
213003018,2590
213003019,275
213003020,1074
213033007,749
213033054,277
213033056,380
213033057,198
213033058,295
213033059,1231
213040001,1945
213040002,576
213040003,74
213043011,806
213060001,1264
213063026,244
213063027,1733
213080001,520
213083050,149
213083051,382
213083052,700
213083055,190
214570001,345
214570002,253
214570003,1021
214580001,1238
214580002,362
215550001,596
215550002,584
215560001,1658
215570001,1327
215570002,1376
215580001,1362
215590001,1359
215600001,322
215600002,275
215600003,470
215610001,363
215610002,407
215620001,240
215620002,1345
213090001,223
213092702,381
213092703,1829
213092764,232
213092765,656
213100001,608
213100002,613
213100003,190
213100004,167
213100005,1376
213100006,1227
213102769,949
213102770,987
213122861,293
213122862,347
213122863,58
213122864,338
213122865,408
213122866,172
213122867,244
213122868,211
213132745,247
213132747,514
213132748,487
213132749,508
213162859,234
213162860,314
213162893,1868
213162925,1710
213172911,148
213172912,1100
213172913,1188
213172914,548
213172915,740
213172916,1052
213172917,1960
213172918,571
213172920,392
213172921,652
213172922,527
213172923,338
213172924,625
213172926,311
213182887,132
213182905,336
213182906,228
213182908,238
213182910,297
214590001,350
214590002,329
214590003,679
214590004,294
214600001,1217
214600002,138
214600003,45
214600005,140
214600006,241
214600007,279
215630001,602
215630002,282
215630003,458
215630004,622
215630005,761
215630006,2015
215630007,2789
215630008,742
215630009,4338
215630010,823
215630011,2154
215630012,718
215630013,925
215630014,300
215640001,415
215640002,117
215640003,127
215640004,400
215640005,310
215640006,169
215640007,738
215640008,5934
215640009,90
215640010,3092
215640011,1564
215640012,1032
215640013,2581
215640014,3406
215640015,2983
215640016,870
215640017,490
215640018,2323
215640019,84
215640020,1679
215640021,2141
215640022,1702
215640023,492
215640024,2852
215640025,2185
215640026,1563
215640027,690
215640028,1612
215640029,1037
215640030,1086
215640031,2033
215640032,2144
215640033,719
215640034,284
215640035,1394
215640036,1602
215640037,197
215650001,379
215650002,368
215650003,68
215650004,1380
215650005,342
215650006,828
215650007,1419
215650008,1016
215650009,137
215650010,1143
215660001,1689
215660002,765
215660003,505
215660004,2749
215660005,67
215660006,233
213192188,203
213192189,265
213192214,829
213192215,290
213192250,421
213192251,246
213192252,1076
213192253,443
213192254,414
213210001,427
213210002,880
213210003,32
213212199,1019
213212207,723
213212208,249
213212209,541
213212210,292
213212211,287
213212212,199
213212213,281
213220001,510
213220002,355
213220003,1064
213220004,122
213220005,1815
213222220,232
213222221,172
213222223,321
213222224,667
213222226,554
213222227,1959
213222228,1075
213222230,182
213232237,491
213232239,197
213232240,332
213232241,310
213232248,629
213232249,583
213242233,205
213242234,260
213242235,113
213242236,151
213242238,1015
213242242,7891
213242243,891
213242244,1374
213242245,344
213242246,888
213242247,535
213252190,2519
213252191,432
213252192,560
213252193,944
213252194,1995
213252195,379
213252196,895
213252216,4092
213252218,509
213252219,9545
213260001,210
213260002,370
213260003,40
213260004,143
213262158,812
213262160,469
213262162,698
213262164,685
213262165,197
213262177,1037
213262179,943
213262180,1990
213262181,1372
213262182,2082
213262183,195
213270001,339
213270002,1397
213272198,261
213272200,256
213272201,243
213272202,305
213272203,930
213272204,290
213272205,497
215670001,1437
215670002,1333
215670003,1499
215670004,8250
215670005,202
215670006,1380
215670007,524
215670008,5638
215670009,1121
215680001,1092
215680002,237
215680003,7979
215680004,133
215680005,827
215680006,655
215680007,351
215680008,199
215680009,4281
213280001,67
213280002,271
213281354,651
213281355,344
213281373,286
213291371,915
213311311,580
213311312,184
213321295,456
213321306,277
213321307,852
213321308,534
213331304,234
213331305,279
213331370,264
213340001,221
213340002,133
213341296,191
213341297,78
213341299,239
213341300,560
213341301,375
213341302,281
213341303,338
213350001,130
213350002,4545
213350003,354
213350004,74
213351330,529
213351331,266
213351353,404
213351372,352
213360001,505
213360002,1155
213360003,35
213360004,41
213360005,42
213361338,4598
213361340,310
213361341,581
213361342,155
213371361,127
213371362,691
213371363,223
213371364,251
213371365,407
213371366,282
213371367,1047
213371368,1169
213371369,410
213381333,1272
213381334,622
213381335,573
213381336,43
213381345,310
213381347,3069
213381348,271
213381349,701
213381350,478
213381351,3644
213391313,495
213391324,1047
213391325,320
213401319,438
213401320,2550
213401321,524
213401322,552
213401323,206
213401327,325
213401328,420
215690001,229
215690002,558
215690003,315
215690004,1128
215690005,358
215690006,543
215700001,796
215700002,4111
215700003,3016
215700004,3357
215700005,706
213410001,1137
213410002,1471
213410003,1226
213411383,2063
213411384,512
213411387,233
213411388,741
213411391,244
213421377,1161
213421379,277
213421380,786
213431374,86
213431375,1431
213431390,329
213431392,1933
213431393,1443
213431394,1351
213431395,834
213431396,1308
213431397,677
213431398,201
213431399,460
213431400,578
213431401,413
213431402,388
213441413,337
213441414,809
213441415,247
213441417,407
213441418,261
213441419,388
213441420,215
213441421,457
213441422,1578
213441423,37
213441424,273
213451376,375
213461403,1383
213461404,255
213461405,381
213461406,453
213461407,454
213461408,292
213461409,260
213461410,1548
213461411,888
213461412,437
213461416,259
213471467,860
213471468,673
213471469,1530
213471470,1367
213471471,436
213471472,748
213471474,723
213480001,1740
213480002,1178
213480003,15
213480004,139
213480005,15
213480006,214
213481443,505
213481445,395
213481446,3243
213481447,399
213481449,443
213481450,810
213481452,53
213481453,1822
213481454,1047
213481455,2041
213481456,400
213481458,918
213491444,224
213491451,320
213491473,149
213491475,714
213491477,3
213491478,4183
213491479,391
213491480,179
213500001,313
213501436,553
213501437,563
213511440,921
213511441,1063
213511442,322
213511460,275
213511461,382
213511462,407
213511463,270
213511464,361
213511465,1314
213511466,208
213521425,797
213521426,741
213521427,277
213521428,148
213521429,348
213521430,414
213521431,186
213521432,652
213521433,247
213521435,1631
213521439,162
213530001,1083
213530002,840
213530003,3873
213533380,584
213581545,287
213581558,418
213581559,254
213581560,408
213581561,2548
213590001,1667
213590002,239
213590003,670
213590004,3036
213590005,911
213591533,4921
213601538,2075
214610001,697
214620001,466
214630001,779
214630002,1267
214630003,1118
214630004,349
215710001,105
215710002,477
215720001,555
215720002,552
215730001,351
215740001,665
215740002,132
215740003,138
215750001,715
215750002,546
215750003,206
215760001,49
215760002,259
215760003,783
215770001,82
215770002,2386
215770003,502
215770004,247
215770005,1380
215770006,1013
215780001,1014
215780002,354
215780003,402
215780004,212
215780005,81
213611590,491
213611592,207
213611596,244
213611598,257
213611600,330
213611603,1419
213611605,2466
213611606,1925
213611607,240
213611608,263
213621591,316
213621593,232
213621594,2415
213621595,493
213621597,313
213621599,606
213621601,407
213621602,107
213630001,567
213631378,608
213631381,842
213631607,1801
213631608,1150
213631609,762
213631610,595
213631611,768
213631612,743
213631613,1017
213631614,874
213631615,2024
213631616,1420
213631617,1887
213631618,745
213631619,2071
213631620,1811
213680001,125
213680002,125
213680003,89
213680004,3356
213680005,376
213681571,215
213681574,654
213681575,659
213681577,756
213681578,1295
213681579,230
213681580,643
213681583,352
213681584,497
213681587,1258
213681623,306
213681624,1220
214640001,730
214640002,86
214640003,979
214660001,990
214660002,890
214670001,290
214670002,409
214670003,168
214670004,242
214670005,441
214670007,815
214670008,165
214680001,189
214680002,313
214680003,142
214680004,232
214680005,1012
214680006,193
214680007,21
215790001,14
215790002,963
215800001,3287
215800002,284
215800003,1445
215810001,246
215810002,920
215820001,835
215830001,969
215830002,201
215830003,719
215830004,445
215830005,479
215830006,796
215840001,543
215850001,888
215850002,237
215860001,341
215860002,2375
215860003,3053
215860004,3220
215860005,2859
215870001,513
215870002,267
215870003,591
215880001,872
215880002,766
215880003,471
215890001,216
215890002,526
215900001,750
215900002,784
213703066,2413
213703067,1567
213703069,8804
213703070,108
213710001,1190
213710002,598
213710003,1194
213710004,90
213710005,119
213710006,231
213710007,51
213710008,709
213710009,3664
213710010,4090
213713074,825
213713078,1454
213713080,1556
213713081,501
213713082,411
213713083,488
213720001,923
213720002,727
213723088,836
213723089,1119
213733071,747
213733072,311
213733073,691
213733075,701
213733085,250
213743063,999
213743064,2802
213743090,1329
213753068,1255
213753091,1078
213753092,1081
213753093,2386
213753094,177
213753095,394
213763065,1509
213773119,78
213773126,764
213773127,1048
213773128,1608
213783096,539
213783101,309
213783104,73
213783114,470
213783115,310
213783116,405
213783117,171
213783120,608
213783125,111
213783129,258
213783136,114
213793097,554
213793098,523
213793099,2315
213793100,755
213793102,1358
213793103,638
213793105,1552
213793106,488
213793108,877
213813145,1659
213813146,856
213813148,1065
213813149,276
213813150,337
213823131,1032
213823132,848
213823134,371
213823140,698
213833113,685
213833121,1291
213833122,1221
213833130,1652
213843118,704
213843123,3594
213843124,2515
213850001,389
213853107,246
213853109,1195
213853110,444
213853111,2317
213853112,3077
215910001,1126
215910002,1090
215910003,3384
215910004,553
215910005,914
215920001,170
215920002,1023
215920003,5401